<?xml version="1.0" encoding="UTF-8"?>
<beans xmlns="http://www.springframework.org/schema/beans"
        xmlns:xsi="http://www.w3.org/2001/XMLSchema-instance"
        xmlns:context="http://www.springframework.org/schema/context"
        xmlns:mvc="http://www.springframework.org/schema/mvc"
        xsi:schemaLocation="http://www.springframework.org/schema/mvc http://www.springframework.org/schema/mvc/spring-mvc.xsd
            http://www.springframework.org/schema/beans http://www.springframework.org/schema/beans/spring-beans.xsd
            http://www.springframework.org/schema/context http://www.springframework.org/schema/context/spring-context.xsd
        ">
        
	    
    <context:component-scan base-package="com.vikalp.controllers" >
	</context:component-scan>
    
   <bean id="vikalpDataSource" class="com.mchange.v2.c3p0.ComboPooledDataSource" destroy-method="close">
		<property name="driverClass" value="com.mysql.jdbc.Driver"/>
		<property name="jdbcUrl" value="jdbc:mysql://localhost:3306/vikalpdb?autoReconnect=true"/>
		<property name="user" value="root"/>
		<property name="password" value="ideasandaction"/>
		<property name="minPoolSize" value="1"/>
		<property name="maxPoolSize" value="1"/>
		<property name="maxStatementsPerConnection" value="10"/>
		<property name="numHelperThreads" value="8"/>
		<property name="idleConnectionTestPeriod" value="300"/>
		<property name="preferredTestQuery" value="SELECT 0"/>
	</bean> 
	
    <bean id="jdbcTemplate" class="org.springframework.jdbc.core.JdbcTemplate">
    <property name="dataSource" ref="vikalpDataSource"/>
    </bean>
    
      <bean id="namedParameterJdbcTemplate" class="org.springframework.jdbc.core.namedparam.NamedParameterJdbcTemplate">
    <constructor-arg index="0" ref="vikalpDataSource"/> 
    </bean>
    
 
    
    
     <bean id="transactionManager" class="org.springframework.jdbc.datasource.DataSourceTransactionManager">
        <property name="dataSource" ref="vikalpDataSource"/>
    </bean>
    
     <bean id="transactionTemplate" class="org.springframework.transaction.support.TransactionTemplate">
		<property name="transactionManager">
		<ref bean="transactionManager"/>
		</property>
	</bean>
	
	<bean id="abstractTransactionProxy"
class="org.springframework.transaction.interceptor.TransactionProxyFactoryBean"
abstract="true">
<property name="transactionManager" ref="transactionManager" />
<property name="transactionAttributes">
<props>
<prop key="get*">PROPAGATION_REQUIRED,-CRException</prop>
<prop key="set*">PROPAGATION_REQUIRED,readOnly</prop>
<prop key="save">PROPAGATION_REQUIRES_NEW</prop>
<prop key="*">PROPAGATION_SUPPORTS,readOnly</prop>
</props>
</property>
</bean>
    
      <bean id="viewResolver"
    	      class="org.springframework.web.servlet.view.InternalResourceViewResolver" >
              <property name="prefix">
                  <value>/WEB-INF/pages/</value>
               </property>
              <property name="suffix">
                 <value>.jsp</value>
              </property>
        </bean>
	

      
      <bean id="adminDao" class="com.vikalp.daoimpl.AdminDaoImpl" />
      <bean id="blogsDao" class="com.vikalp.daoimpl.BlogsDaoImpl" />
      <bean id="causesDao" class="com.vikalp.daoimpl.CausesDaoImpl" />
      <bean id="loginDao" class="com.vikalp.daoimpl.LoginDaoImpl" />
      <bean id="userDao" class="com.vikalp.daoimpl.UserDaoImpl" />
      <bean id="ngoDetailForm" class="com.vikalp.model.NGODetailForm" />
      <bean id="addCauseForm" class="com.vikalp.model.AddCauseForm" />
       <bean id="addBlogForm" class="com.vikalp.model.AddBlogForm" />
       <bean id="donorDetailForm" class="com.vikalp.model.DonorDetailForm" />
        <bean id="addCommentForm" class="com.vikalp.model.AddCommentForm" />
     
      
      <bean id="multipartResolver" class="org.springframework.web.multipart.commons.CommonsMultipartResolver" />
       
</beans>
